rank,companyName,website
1,USAA,http://www.topworkplaces.com/frontend.php/regional-list/company/denverpost/usaa
2,Edward Jones,http://www.topworkplaces.com/frontend.php/regional-list/company/denverpost/edward-jones
3,Pinnacol Assurance,http://www.topworkplaces.com/frontend.php/regional-list/company/denverpost/pinnacol-assurance
4,T-Mobile US,http://www.topworkplaces.com/frontend.php/regional-list/company/denverpost/t-mobile-usa_1
5,Charles Schwab & Co.,http://www.topworkplaces.com/frontend.php/regional-list/company/denverpost/charles-schwab_4
6,"Saunders Construction, Inc",http://www.topworkplaces.com/frontend.php/regional-list/company/denverpost/saunders-construction-i
7,OppenheimerFunds,http://www.topworkplaces.com/frontend.php/regional-list/company/denverpost/oppenheimer-funds
8,"Sturgeon Electric Company, Inc.",http://www.topworkplaces.com/frontend.php/regional-list/company/denverpost/sturgeon-electric-co
9,Rose Medical Center,http://www.topworkplaces.com/frontend.php/regional-list/company/denverpost/rose-medical-center
10,Jefferson Center For Mental Health,http://www.topworkplaces.com/frontend.php/regional-list/company/denverpost/jefferson-center-for-men
11,Bright Horizons Family Solutions,http://www.topworkplaces.com/frontend.php/regional-list/company/denverpost/bright-horizons-family-solutions
12,Alliance Data,http://www.topworkplaces.com/frontend.php/regional-list/company/denverpost/alliance-data-retail-ser
13,"Breads of the World, LLC dba Panera Bread",http://www.topworkplaces.com/frontend.php/regional-list/company/denverpost/breads-of-the-world_1
14,Mental Health Center of Denver,http://www.topworkplaces.com/frontend.php/regional-list/company/denverpost/mental-health-center-of
15,U.S. Bank,http://www.topworkplaces.com/frontend.php/regional-list/company/denverpost/u-s-bank_1
16,FirstBank,http://www.topworkplaces.com/frontend.php/regional-list/company/denverpost/firstbank
17,Epsilon,http://www.topworkplaces.com/frontend.php/regional-list/company/denverpost/epsilon
18,HomeAdvisor,http://www.topworkplaces.com/frontend.php/regional-list/company/denverpost/homeadvisor-inc
19,DSST Public Schools,http://www.topworkplaces.com/frontend.php/regional-list/company/denverpost/dsst-public-schools
20,Anadarko Petroleum Corp./ Denver,http://www.topworkplaces.com/frontend.php/regional-list/company/denverpost/anadarko-petroleum-c
21,Children's Hospital Colorado,http://www.topworkplaces.com/frontend.php/regional-list/company/denverpost/children-s-hospital-colo
22,Native Roots,http://www.topworkplaces.com/frontend.php/regional-list/company/denverpost/native-roots
23,"DaVita, Inc.",http://www.topworkplaces.com/frontend.php/regional-list/company/denverpost/davita-inc_2
24,DigitalGlobe Inc,http://www.topworkplaces.com/frontend.php/regional-list/company/denverpost/digitalglobe-inc
25,UCHealth,http://www.topworkplaces.com/frontend.php/regional-list/company/denverpost/university-of-colorado-h
1,8z Real Estate,http://www.topworkplaces.com/frontend.php/regional-list/company/denverpost/8z-real-estate
2,iLendingDIRECT,http://www.topworkplaces.com/frontend.php/regional-list/company/denverpost/ilendingdirect
3,Avery Brewing Company,http://www.topworkplaces.com/frontend.php/regional-list/company/denverpost/avery-brewing-company
4,PorchLight Real Estate Group,http://www.topworkplaces.com/frontend.php/regional-list/company/denverpost/porchlight-real-estate-g
5,Weifield Group Contracting,http://www.topworkplaces.com/frontend.php/regional-list/company/denverpost/weifield-group-contr
6,Safelite Autoglass,http://www.topworkplaces.com/frontend.php/regional-list/company/denverpost/safelite-autoglass
7,Renewal by Andersen of Colorado,http://www.topworkplaces.com/frontend.php/regional-list/company/denverpost/renewal-by-andersen-colo
8,"OZ Architecture, Inc.",http://www.topworkplaces.com/frontend.php/regional-list/company/denverpost/oz-architecture
9,2u,http://www.topworkplaces.com/frontend.php/regional-list/company/denverpost/2u-inc
10,Team Select Home Care,http://www.topworkplaces.com/frontend.php/regional-list/company/denverpost/team-select-home-care
11,Physician Health Partners,http://www.topworkplaces.com/frontend.php/regional-list/company/denverpost/physician-health-par
12,Slalom,http://www.topworkplaces.com/frontend.php/regional-list/company/denverpost/slalom-consulting_3
13,Eide Bailly LLP,http://www.topworkplaces.com/frontend.php/regional-list/company/denverpost/eide-bailly-llp
14,Suncrest Hospice,http://www.topworkplaces.com/frontend.php/regional-list/company/denverpost/suncrest-hospice
15,New York Life Insurance Company,http://www.topworkplaces.com/frontend.php/regional-list/company/denverpost/new-york-life-insurance_1
16,Heritage Title Company,http://www.topworkplaces.com/frontend.php/regional-list/company/denverpost/heritage-title-company
17,Echelon Property Group,http://www.topworkplaces.com/frontend.php/regional-list/company/denverpost/echelon-property-group
18,Cornerstone Home Lending,http://www.topworkplaces.com/frontend.php/regional-list/company/denverpost/cornerstone-mortgage
19,Martin/Martin Inc,http://www.topworkplaces.com/frontend.php/regional-list/company/denverpost/martin-martin-inc
20,Burns & McDonnell,http://www.topworkplaces.com/frontend.php/regional-list/company/denverpost/burns-mcdonnell_2
21,Haselden Construction,http://www.topworkplaces.com/frontend.php/regional-list/company/denverpost/haselden-construction
22,Lockton Companies,http://www.topworkplaces.com/frontend.php/regional-list/company/denverpost/lockton-companies_1
23,"Fastaff, LLC",http://www.topworkplaces.com/frontend.php/regional-list/company/denverpost/fastaff-llc
24,Breckenridge Grand Vacations,http://www.topworkplaces.com/frontend.php/regional-list/company/denverpost/breckenridge-grand-vacat
25,Merrick & Co,http://www.topworkplaces.com/frontend.php/regional-list/company/denverpost/merrick-co_1
26,ICAT,http://www.topworkplaces.com/frontend.php/regional-list/company/denverpost/icat
27,First American Title Insurance Company,http://www.topworkplaces.com/frontend.php/regional-list/company/denverpost/first-american-financial
28,Citywide Home Loans,http://www.topworkplaces.com/frontend.php/regional-list/company/denverpost/citywide-home-loans
29,"Ibotta, Inc.",http://www.topworkplaces.com/frontend.php/regional-list/company/denverpost/ibotta-inc
30,RingCentral,http://www.topworkplaces.com/frontend.php/regional-list/company/denverpost/ringcentral
31,ReadyTalk,http://www.topworkplaces.com/frontend.php/regional-list/company/denverpost/readytalk
32,Clinica Campesina/Family Health Services,http://www.topworkplaces.com/frontend.php/regional-list/company/denverpost/clinica-family-healt
33,Mortenson Construction,http://www.topworkplaces.com/frontend.php/regional-list/company/denverpost/mortenson-construction_1
34,American Financing,http://www.topworkplaces.com/frontend.php/regional-list/company/denverpost/american-financing
35,Kentwood Real Estate,http://www.topworkplaces.com/frontend.php/regional-list/company/denverpost/kentwood-real-estate
36,Security Service Federal CU,http://www.topworkplaces.com/frontend.php/regional-list/company/denverpost/security-service-fed
37,Tallgrass Energy,http://www.topworkplaces.com/frontend.php/regional-list/company/denverpost/tallgrass-energy
38,ZOLL,http://www.topworkplaces.com/frontend.php/regional-list/company/denverpost/zoll
39,LONG Building Technologies,http://www.topworkplaces.com/frontend.php/regional-list/company/denverpost/long-building-technologi
40,"Mortgage Cadence, an Accenture Company",http://www.topworkplaces.com/frontend.php/regional-list/company/denverpost/mortgage-cadence-an-acc
41,Halcyon Hospice & Palliative Care,http://www.topworkplaces.com/frontend.php/regional-list/company/denverpost/halcyon-hospice-pallia
42,Lohmiller & Company,http://www.topworkplaces.com/frontend.php/regional-list/company/denverpost/lohmiller-company
43,Stadium Medical,http://www.topworkplaces.com/frontend.php/regional-list/company/denverpost/stadium-medical
44,"QEP Resources, Inc.",http://www.topworkplaces.com/frontend.php/regional-list/company/denverpost/qep-resources-inc
45,Apartment Investment and Management Co. (Aimco),http://www.topworkplaces.com/frontend.php/regional-list/company/denverpost/apartment-investment-and_1
Catalyst Lending,http://www.topworkplaces.com/frontend.php/regional-list/company/denverpost/catalyst-lending
CFC Construction,http://www.topworkplaces.com/frontend.php/regional-list/company/denverpost/cfc-construction
City of Centennial,http://www.topworkplaces.com/frontend.php/regional-list/company/denverpost/city-of-centennial
Collective Goods,http://www.topworkplaces.com/frontend.php/regional-list/company/denverpost/collective-goods
Enerplus Resources (USA) Corporation,http://www.topworkplaces.com/frontend.php/regional-list/company/denverpost/enerplus-resources-usa
Greystone Technology,http://www.topworkplaces.com/frontend.php/regional-list/company/denverpost/greystone-technology-gro
Heating & Plumbing Engineers,http://www.topworkplaces.com/frontend.php/regional-list/company/denverpost/heating-plumbing-engin
RevGen Partners,http://www.topworkplaces.com/frontend.php/regional-list/company/denverpost/revgen-partners
Spine One,http://www.topworkplaces.com/frontend.php/regional-list/company/denverpost/spine-one
Surveygizmo,http://www.topworkplaces.com/frontend.php/regional-list/company/denverpost/surveygizmo
TallGrass Aveda Spa & Salon,http://www.topworkplaces.com/frontend.php/regional-list/company/denverpost/tallgrass-aveda-spa-sa
Total Quality Logistics,http://www.topworkplaces.com/frontend.php/regional-list/company/denverpost/total-quality-logistics
Transwestern,http://www.topworkplaces.com/frontend.php/regional-list/company/denverpost/transwestern_3
Ulteig,http://www.topworkplaces.com/frontend.php/regional-list/company/denverpost/ulteig
"ViaWest, Inc",http://www.topworkplaces.com/frontend.php/regional-list/company/denverpost/viawest-inc
"Wiland, Inc.",http://www.topworkplaces.com/frontend.php/regional-list/company/denverpost/wiland-direct
1,GoSpotCheck,http://www.topworkplaces.com/frontend.php/regional-list/company/denverpost/gospotcheck
2,Live Urban Real Estate,http://www.topworkplaces.com/frontend.php/regional-list/company/denverpost/live-urban-real-estate
3,Visiting Angels of Littleton,http://www.topworkplaces.com/frontend.php/regional-list/company/denverpost/visiting-angels-of-l
4,"Lotus Business Solutions, Inc.",http://www.topworkplaces.com/frontend.php/regional-list/company/denverpost/lotus-business-solutions
5,Madison & Company Properties,http://www.topworkplaces.com/frontend.php/regional-list/company/denverpost/madison-company-proper
6,Spinnaker Support,http://www.topworkplaces.com/frontend.php/regional-list/company/denverpost/spinnaker-support
7,Ave Maria Catholic School,http://www.topworkplaces.com/frontend.php/regional-list/company/denverpost/ave-maria-catholic-s
8,"Solidyn Solutions, Inc.",http://www.topworkplaces.com/frontend.php/regional-list/company/denverpost/solidyn-solutions-inc
9,Done Plumbing & Heating,http://www.topworkplaces.com/frontend.php/regional-list/company/denverpost/done-plumbing-heating
10,Supreme Lending,http://www.topworkplaces.com/frontend.php/regional-list/company/denverpost/supreme-lending
11,Visiting Angels of Denver,http://www.topworkplaces.com/frontend.php/regional-list/company/denverpost/visiting-angels-of-lakew
12,Applewood Plumbing Heating & Electric,http://www.topworkplaces.com/frontend.php/regional-list/company/denverpost/applewood-plumbing-h
13,NOVAÂ® Home Loans,http://www.topworkplaces.com/frontend.php/regional-list/company/denverpost/nova-home-loans
14,Cornerstone Apartment Services Inc,http://www.topworkplaces.com/frontend.php/regional-list/company/denverpost/cornerstone-apartment-se
15,"Larson Financial, Inc",http://www.topworkplaces.com/frontend.php/regional-list/company/denverpost/larson-financial-in
16,RedPeak Properties,http://www.topworkplaces.com/frontend.php/regional-list/company/denverpost/red-peak-properties
17,Community Development Institute,http://www.topworkplaces.com/frontend.php/regional-list/company/denverpost/community-developmen
18,Baird,http://www.topworkplaces.com/frontend.php/regional-list/company/denverpost/robert-w-baird-company-inc
19,Donor Alliance Inc,http://www.topworkplaces.com/frontend.php/regional-list/company/denverpost/donor-alliance-inc
20,Bradsby Group,http://www.topworkplaces.com/frontend.php/regional-list/company/denverpost/bradsby-group
21,Visiting Angels of Westminster,http://www.topworkplaces.com/frontend.php/regional-list/company/denverpost/visiting-angels-of-westm
22,Rocky Mountain Prep,http://www.topworkplaces.com/frontend.php/regional-list/company/denverpost/rocky-mountain-prep
23,Swinerton Builders,http://www.topworkplaces.com/frontend.php/regional-list/company/denverpost/swinerton-builders
24,MassMutual Colorado,http://www.topworkplaces.com/frontend.php/regional-list/company/denverpost/massmutual-colorado
25,Denver Academy,http://www.topworkplaces.com/frontend.php/regional-list/company/denverpost/denver-academy-inc
26,Trace3,http://www.topworkplaces.com/frontend.php/regional-list/company/denverpost/trace3_1
27,Jones Lang LaSalle Incorporated,http://www.topworkplaces.com/frontend.php/regional-list/company/denverpost/jones-lang-lasalle-incor_1
28,Griffis Residential,http://www.topworkplaces.com/frontend.php/regional-list/company/denverpost/griffis-residential
29,Baron Education,http://www.topworkplaces.com/frontend.php/regional-list/company/denverpost/baron-education
30,Clinic Service Corporation,http://www.topworkplaces.com/frontend.php/regional-list/company/denverpost/clinic-service-corporati
31,Muller Engineering,http://www.topworkplaces.com/frontend.php/regional-list/company/denverpost/muller-engineering
32,Aerotek,http://www.topworkplaces.com/frontend.php/regional-list/company/denverpost/aerotek_3
33,Risas Dental and Braces,http://www.topworkplaces.com/frontend.php/regional-list/company/denverpost/risas-dental-and-braces
34,"Restaurant Solutions, Inc.",http://www.topworkplaces.com/frontend.php/regional-list/company/denverpost/restaurant-solutions
35,"Moye White, LLP",http://www.topworkplaces.com/frontend.php/regional-list/company/denverpost/moye-white-llp
36,Pinyon Environmental,http://www.topworkplaces.com/frontend.php/regional-list/company/denverpost/pinyon-environmental
37,Infiniti of Denver,http://www.topworkplaces.com/frontend.php/regional-list/company/denverpost/infiniti-of-denver
38,"Brothers Plumbing, Heating, & Electric",http://www.topworkplaces.com/frontend.php/regional-list/company/denverpost/brothers-plumbing-heati
39,Hein & Associates LLP,http://www.topworkplaces.com/frontend.php/regional-list/company/denverpost/hein-associates-llp_1
40,Match Marketing Group,http://www.topworkplaces.com/frontend.php/regional-list/company/denverpost/match-marketing-group
41,"Spyderco, Inc.",http://www.topworkplaces.com/frontend.php/regional-list/company/denverpost/spyderco-inc
42,The Container Store,http://www.topworkplaces.com/frontend.php/regional-list/company/denverpost/the-container-store_2
43,CoreSite Realty Corp,http://www.topworkplaces.com/frontend.php/regional-list/company/denverpost/coresite-realty-corp
44,Richey May & Co.,http://www.topworkplaces.com/frontend.php/regional-list/company/denverpost/richey-may-co
45,American Income Life,http://www.topworkplaces.com/frontend.php/regional-list/company/denverpost/american-income-life_1
46,"Short Elliott Hendrickson, Inc",http://www.topworkplaces.com/frontend.php/regional-list/company/denverpost/short-elliott-hendrickso
47,ECS Team,http://www.topworkplaces.com/frontend.php/regional-list/company/denverpost/ecommerce-systems-i
48,Tendril,http://www.topworkplaces.com/frontend.php/regional-list/company/denverpost/tendril
49,"Gorilla Logic, Inc.",http://www.topworkplaces.com/frontend.php/regional-list/company/denverpost/gorilla-logic-inc
50,Tensentric,http://www.topworkplaces.com/frontend.php/regional-list/company/denverpost/tensentric
51,Personal Capital,http://www.topworkplaces.com/frontend.php/regional-list/company/denverpost/personal-capital
52,CCIG,http://www.topworkplaces.com/frontend.php/regional-list/company/denverpost/cherry-creek-insurance-g
53,Extraction Oil & Gas,http://www.topworkplaces.com/frontend.php/regional-list/company/denverpost/extraction-oil-gas
54,Monarch Investment & Management Group,http://www.topworkplaces.com/frontend.php/regional-list/company/denverpost/monarch-investment-man
55,Cardinal,http://www.topworkplaces.com/frontend.php/regional-list/company/denverpost/cardinal