SizeBand,rank,companyName,website
Large,1,USAA,http://www.topworkplaces.com/frontend.php/regional-list/company/denverpost/usaa
Large,2,Edward Jones,http://www.topworkplaces.com/frontend.php/regional-list/company/denverpost/edward-jones
Large,3,Pinnacol Assurance,http://www.topworkplaces.com/frontend.php/regional-list/company/denverpost/pinnacol-assurance
Large,4,T-Mobile US,http://www.topworkplaces.com/frontend.php/regional-list/company/denverpost/t-mobile-usa_1
Large,5,Charles Schwab & Co.,http://www.topworkplaces.com/frontend.php/regional-list/company/denverpost/charles-schwab_4
Large,6,"Saunders Construction, Inc",http://www.topworkplaces.com/frontend.php/regional-list/company/denverpost/saunders-construction-i
Large,7,OppenheimerFunds,http://www.topworkplaces.com/frontend.php/regional-list/company/denverpost/oppenheimer-funds
Large,8,"Sturgeon Electric Company, Inc.",http://www.topworkplaces.com/frontend.php/regional-list/company/denverpost/sturgeon-electric-co
Large,9,Rose Medical Center,http://www.topworkplaces.com/frontend.php/regional-list/company/denverpost/rose-medical-center
Large,10,Jefferson Center For Mental Health,http://www.topworkplaces.com/frontend.php/regional-list/company/denverpost/jefferson-center-for-men
Large,11,Bright Horizons Family Solutions,http://www.topworkplaces.com/frontend.php/regional-list/company/denverpost/bright-horizons-family-solutions
Large,12,Alliance Data,http://www.topworkplaces.com/frontend.php/regional-list/company/denverpost/alliance-data-retail-ser
Large,13,"Breads of the World, LLC dba Panera Bread",http://www.topworkplaces.com/frontend.php/regional-list/company/denverpost/breads-of-the-world_1
Large,14,Mental Health Center of Denver,http://www.topworkplaces.com/frontend.php/regional-list/company/denverpost/mental-health-center-of
Large,15,U.S. Bank,http://www.topworkplaces.com/frontend.php/regional-list/company/denverpost/u-s-bank_1
Large,16,FirstBank,http://www.topworkplaces.com/frontend.php/regional-list/company/denverpost/firstbank
Large,17,Epsilon,http://www.topworkplaces.com/frontend.php/regional-list/company/denverpost/epsilon
Large,18,HomeAdvisor,http://www.topworkplaces.com/frontend.php/regional-list/company/denverpost/homeadvisor-inc
Large,19,DSST Public Schools,http://www.topworkplaces.com/frontend.php/regional-list/company/denverpost/dsst-public-schools
Large,20,Anadarko Petroleum Corp./ Denver,http://www.topworkplaces.com/frontend.php/regional-list/company/denverpost/anadarko-petroleum-c
Large,21,Children's Hospital Colorado,http://www.topworkplaces.com/frontend.php/regional-list/company/denverpost/children-s-hospital-colo
Large,22,Native Roots,http://www.topworkplaces.com/frontend.php/regional-list/company/denverpost/native-roots
Large,23,"DaVita, Inc.",http://www.topworkplaces.com/frontend.php/regional-list/company/denverpost/davita-inc_2
Large,24,DigitalGlobe Inc,http://www.topworkplaces.com/frontend.php/regional-list/company/denverpost/digitalglobe-inc
Large,25,UCHealth,http://www.topworkplaces.com/frontend.php/regional-list/company/denverpost/university-of-colorado-h
Midsize,1,8z Real Estate,http://www.topworkplaces.com/frontend.php/regional-list/company/denverpost/8z-real-estate
Midsize,2,iLendingDIRECT,http://www.topworkplaces.com/frontend.php/regional-list/company/denverpost/ilendingdirect
Midsize,3,Avery Brewing Company,http://www.topworkplaces.com/frontend.php/regional-list/company/denverpost/avery-brewing-company
Midsize,4,PorchLight Real Estate Group,http://www.topworkplaces.com/frontend.php/regional-list/company/denverpost/porchlight-real-estate-g
Midsize,5,Weifield Group Contracting,http://www.topworkplaces.com/frontend.php/regional-list/company/denverpost/weifield-group-contr
Midsize,6,Safelite Autoglass,http://www.topworkplaces.com/frontend.php/regional-list/company/denverpost/safelite-autoglass
Midsize,7,Renewal by Andersen of Colorado,http://www.topworkplaces.com/frontend.php/regional-list/company/denverpost/renewal-by-andersen-colo
Midsize,8,"OZ Architecture, Inc.",http://www.topworkplaces.com/frontend.php/regional-list/company/denverpost/oz-architecture
Midsize,9,2u,http://www.topworkplaces.com/frontend.php/regional-list/company/denverpost/2u-inc
Midsize,10,Team Select Home Care,http://www.topworkplaces.com/frontend.php/regional-list/company/denverpost/team-select-home-care
Midsize,11,Physician Health Partners,http://www.topworkplaces.com/frontend.php/regional-list/company/denverpost/physician-health-par
Midsize,12,Slalom,http://www.topworkplaces.com/frontend.php/regional-list/company/denverpost/slalom-consulting_3
Midsize,13,Eide Bailly LLP,http://www.topworkplaces.com/frontend.php/regional-list/company/denverpost/eide-bailly-llp
Midsize,14,Suncrest Hospice,http://www.topworkplaces.com/frontend.php/regional-list/company/denverpost/suncrest-hospice
Midsize,15,New York Life Insurance Company,http://www.topworkplaces.com/frontend.php/regional-list/company/denverpost/new-york-life-insurance_1
Midsize,16,Heritage Title Company,http://www.topworkplaces.com/frontend.php/regional-list/company/denverpost/heritage-title-company
Midsize,17,Echelon Property Group,http://www.topworkplaces.com/frontend.php/regional-list/company/denverpost/echelon-property-group
Midsize,18,Cornerstone Home Lending,http://www.topworkplaces.com/frontend.php/regional-list/company/denverpost/cornerstone-mortgage
Midsize,19,Martin/Martin Inc,http://www.topworkplaces.com/frontend.php/regional-list/company/denverpost/martin-martin-inc
Midsize,20,Burns & McDonnell,http://www.topworkplaces.com/frontend.php/regional-list/company/denverpost/burns-mcdonnell_2
Midsize,21,Haselden Construction,http://www.topworkplaces.com/frontend.php/regional-list/company/denverpost/haselden-construction
Midsize,22,Lockton Companies,http://www.topworkplaces.com/frontend.php/regional-list/company/denverpost/lockton-companies_1
Midsize,23,"Fastaff, LLC",http://www.topworkplaces.com/frontend.php/regional-list/company/denverpost/fastaff-llc
Midsize,24,Breckenridge Grand Vacations,http://www.topworkplaces.com/frontend.php/regional-list/company/denverpost/breckenridge-grand-vacat
Midsize,25,Merrick & Co,http://www.topworkplaces.com/frontend.php/regional-list/company/denverpost/merrick-co_1
Midsize,26,ICAT,http://www.topworkplaces.com/frontend.php/regional-list/company/denverpost/icat
Midsize,27,First American Title Insurance Company,http://www.topworkplaces.com/frontend.php/regional-list/company/denverpost/first-american-financial
Midsize,28,Citywide Home Loans,http://www.topworkplaces.com/frontend.php/regional-list/company/denverpost/citywide-home-loans
Midsize,29,"Ibotta, Inc.",http://www.topworkplaces.com/frontend.php/regional-list/company/denverpost/ibotta-inc
Midsize,30,RingCentral,http://www.topworkplaces.com/frontend.php/regional-list/company/denverpost/ringcentral
Midsize,31,ReadyTalk,http://www.topworkplaces.com/frontend.php/regional-list/company/denverpost/readytalk
Midsize,32,Clinica Campesina/Family Health Services,http://www.topworkplaces.com/frontend.php/regional-list/company/denverpost/clinica-family-healt
Midsize,33,Mortenson Construction,http://www.topworkplaces.com/frontend.php/regional-list/company/denverpost/mortenson-construction_1
Midsize,34,American Financing,http://www.topworkplaces.com/frontend.php/regional-list/company/denverpost/american-financing
Midsize,35,Kentwood Real Estate,http://www.topworkplaces.com/frontend.php/regional-list/company/denverpost/kentwood-real-estate
Midsize,36,Security Service Federal CU,http://www.topworkplaces.com/frontend.php/regional-list/company/denverpost/security-service-fed
Midsize,37,Tallgrass Energy,http://www.topworkplaces.com/frontend.php/regional-list/company/denverpost/tallgrass-energy
Midsize,38,ZOLL,http://www.topworkplaces.com/frontend.php/regional-list/company/denverpost/zoll
Midsize,39,LONG Building Technologies,http://www.topworkplaces.com/frontend.php/regional-list/company/denverpost/long-building-technologi
Midsize,40,"Mortgage Cadence, an Accenture Company",http://www.topworkplaces.com/frontend.php/regional-list/company/denverpost/mortgage-cadence-an-acc
Midsize,41,Halcyon Hospice & Palliative Care,http://www.topworkplaces.com/frontend.php/regional-list/company/denverpost/halcyon-hospice-pallia
Midsize,42,Lohmiller & Company,http://www.topworkplaces.com/frontend.php/regional-list/company/denverpost/lohmiller-company
Midsize,43,Stadium Medical,http://www.topworkplaces.com/frontend.php/regional-list/company/denverpost/stadium-medical
Midsize,44,"QEP Resources, Inc.",http://www.topworkplaces.com/frontend.php/regional-list/company/denverpost/qep-resources-inc
Midsize,45,Apartment Investment and Management Co. (Aimco),http://www.topworkplaces.com/frontend.php/regional-list/company/denverpost/apartment-investment-and_1
More,,Catalyst Lending,http://www.topworkplaces.com/frontend.php/regional-list/company/denverpost/catalyst-lending
More,,CFC Construction,http://www.topworkplaces.com/frontend.php/regional-list/company/denverpost/cfc-construction
More,,City of Centennial,http://www.topworkplaces.com/frontend.php/regional-list/company/denverpost/city-of-centennial
More,,Collective Goods,http://www.topworkplaces.com/frontend.php/regional-list/company/denverpost/collective-goods
More,,Enerplus Resources (USA) Corporation,http://www.topworkplaces.com/frontend.php/regional-list/company/denverpost/enerplus-resources-usa
More,,Greystone Technology,http://www.topworkplaces.com/frontend.php/regional-list/company/denverpost/greystone-technology-gro
More,,Heating & Plumbing Engineers,http://www.topworkplaces.com/frontend.php/regional-list/company/denverpost/heating-plumbing-engin
More,,RevGen Partners,http://www.topworkplaces.com/frontend.php/regional-list/company/denverpost/revgen-partners
More,,Spine One,http://www.topworkplaces.com/frontend.php/regional-list/company/denverpost/spine-one
More,,Surveygizmo,http://www.topworkplaces.com/frontend.php/regional-list/company/denverpost/surveygizmo
More,,TallGrass Aveda Spa & Salon,http://www.topworkplaces.com/frontend.php/regional-list/company/denverpost/tallgrass-aveda-spa-sa
More,,Total Quality Logistics,http://www.topworkplaces.com/frontend.php/regional-list/company/denverpost/total-quality-logistics
More,,Transwestern,http://www.topworkplaces.com/frontend.php/regional-list/company/denverpost/transwestern_3
More,,Ulteig,http://www.topworkplaces.com/frontend.php/regional-list/company/denverpost/ulteig
More,,"ViaWest, Inc",http://www.topworkplaces.com/frontend.php/regional-list/company/denverpost/viawest-inc
More,,"Wiland, Inc.",http://www.topworkplaces.com/frontend.php/regional-list/company/denverpost/wiland-direct
Small,1,GoSpotCheck,http://www.topworkplaces.com/frontend.php/regional-list/company/denverpost/gospotcheck
Small,2,Live Urban Real Estate,http://www.topworkplaces.com/frontend.php/regional-list/company/denverpost/live-urban-real-estate
Small,3,Visiting Angels of Littleton,http://www.topworkplaces.com/frontend.php/regional-list/company/denverpost/visiting-angels-of-l
Small,4,"Lotus Business Solutions, Inc.",http://www.topworkplaces.com/frontend.php/regional-list/company/denverpost/lotus-business-solutions
Small,5,Madison & Company Properties,http://www.topworkplaces.com/frontend.php/regional-list/company/denverpost/madison-company-proper
Small,6,Spinnaker Support,http://www.topworkplaces.com/frontend.php/regional-list/company/denverpost/spinnaker-support
Small,7,Ave Maria Catholic School,http://www.topworkplaces.com/frontend.php/regional-list/company/denverpost/ave-maria-catholic-s
Small,8,"Solidyn Solutions, Inc.",http://www.topworkplaces.com/frontend.php/regional-list/company/denverpost/solidyn-solutions-inc
Small,9,Done Plumbing & Heating,http://www.topworkplaces.com/frontend.php/regional-list/company/denverpost/done-plumbing-heating
Small,10,Supreme Lending,http://www.topworkplaces.com/frontend.php/regional-list/company/denverpost/supreme-lending
Small,11,Visiting Angels of Denver,http://www.topworkplaces.com/frontend.php/regional-list/company/denverpost/visiting-angels-of-lakew
Small,12,Applewood Plumbing Heating & Electric,http://www.topworkplaces.com/frontend.php/regional-list/company/denverpost/applewood-plumbing-h
Small,13,NOVAÂ® Home Loans,http://www.topworkplaces.com/frontend.php/regional-list/company/denverpost/nova-home-loans
Small,14,Cornerstone Apartment Services Inc,http://www.topworkplaces.com/frontend.php/regional-list/company/denverpost/cornerstone-apartment-se
Small,15,"Larson Financial, Inc",http://www.topworkplaces.com/frontend.php/regional-list/company/denverpost/larson-financial-in
Small,16,RedPeak Properties,http://www.topworkplaces.com/frontend.php/regional-list/company/denverpost/red-peak-properties
Small,17,Community Development Institute,http://www.topworkplaces.com/frontend.php/regional-list/company/denverpost/community-developmen
Small,18,Baird,http://www.topworkplaces.com/frontend.php/regional-list/company/denverpost/robert-w-baird-company-inc
Small,19,Donor Alliance Inc,http://www.topworkplaces.com/frontend.php/regional-list/company/denverpost/donor-alliance-inc
Small,20,Bradsby Group,http://www.topworkplaces.com/frontend.php/regional-list/company/denverpost/bradsby-group
Small,21,Visiting Angels of Westminster,http://www.topworkplaces.com/frontend.php/regional-list/company/denverpost/visiting-angels-of-westm
Small,22,Rocky Mountain Prep,http://www.topworkplaces.com/frontend.php/regional-list/company/denverpost/rocky-mountain-prep
Small,23,Swinerton Builders,http://www.topworkplaces.com/frontend.php/regional-list/company/denverpost/swinerton-builders
Small,24,MassMutual Colorado,http://www.topworkplaces.com/frontend.php/regional-list/company/denverpost/massmutual-colorado
Small,25,Denver Academy,http://www.topworkplaces.com/frontend.php/regional-list/company/denverpost/denver-academy-inc
Small,26,Trace3,http://www.topworkplaces.com/frontend.php/regional-list/company/denverpost/trace3_1
Small,27,Jones Lang LaSalle Incorporated,http://www.topworkplaces.com/frontend.php/regional-list/company/denverpost/jones-lang-lasalle-incor_1
Small,28,Griffis Residential,http://www.topworkplaces.com/frontend.php/regional-list/company/denverpost/griffis-residential
Small,29,Baron Education,http://www.topworkplaces.com/frontend.php/regional-list/company/denverpost/baron-education
Small,30,Clinic Service Corporation,http://www.topworkplaces.com/frontend.php/regional-list/company/denverpost/clinic-service-corporati
Small,31,Muller Engineering,http://www.topworkplaces.com/frontend.php/regional-list/company/denverpost/muller-engineering
Small,32,Aerotek,http://www.topworkplaces.com/frontend.php/regional-list/company/denverpost/aerotek_3
Small,33,Risas Dental and Braces,http://www.topworkplaces.com/frontend.php/regional-list/company/denverpost/risas-dental-and-braces
Small,34,"Restaurant Solutions, Inc.",http://www.topworkplaces.com/frontend.php/regional-list/company/denverpost/restaurant-solutions
Small,35,"Moye White, LLP",http://www.topworkplaces.com/frontend.php/regional-list/company/denverpost/moye-white-llp
Small,36,Pinyon Environmental,http://www.topworkplaces.com/frontend.php/regional-list/company/denverpost/pinyon-environmental
Small,37,Infiniti of Denver,http://www.topworkplaces.com/frontend.php/regional-list/company/denverpost/infiniti-of-denver
Small,38,"Brothers Plumbing, Heating, & Electric",http://www.topworkplaces.com/frontend.php/regional-list/company/denverpost/brothers-plumbing-heati
Small,39,Hein & Associates LLP,http://www.topworkplaces.com/frontend.php/regional-list/company/denverpost/hein-associates-llp_1
Small,40,Match Marketing Group,http://www.topworkplaces.com/frontend.php/regional-list/company/denverpost/match-marketing-group
Small,41,"Spyderco, Inc.",http://www.topworkplaces.com/frontend.php/regional-list/company/denverpost/spyderco-inc
Small,42,The Container Store,http://www.topworkplaces.com/frontend.php/regional-list/company/denverpost/the-container-store_2
Small,43,CoreSite Realty Corp,http://www.topworkplaces.com/frontend.php/regional-list/company/denverpost/coresite-realty-corp
Small,44,Richey May & Co.,http://www.topworkplaces.com/frontend.php/regional-list/company/denverpost/richey-may-co
Small,45,American Income Life,http://www.topworkplaces.com/frontend.php/regional-list/company/denverpost/american-income-life_1
Small,46,"Short Elliott Hendrickson, Inc",http://www.topworkplaces.com/frontend.php/regional-list/company/denverpost/short-elliott-hendrickso
Small,47,ECS Team,http://www.topworkplaces.com/frontend.php/regional-list/company/denverpost/ecommerce-systems-i
Small,48,Tendril,http://www.topworkplaces.com/frontend.php/regional-list/company/denverpost/tendril
Small,49,"Gorilla Logic, Inc.",http://www.topworkplaces.com/frontend.php/regional-list/company/denverpost/gorilla-logic-inc
Small,50,Tensentric,http://www.topworkplaces.com/frontend.php/regional-list/company/denverpost/tensentric
Small,51,Personal Capital,http://www.topworkplaces.com/frontend.php/regional-list/company/denverpost/personal-capital
Small,52,CCIG,http://www.topworkplaces.com/frontend.php/regional-list/company/denverpost/cherry-creek-insurance-g
Small,53,Extraction Oil & Gas,http://www.topworkplaces.com/frontend.php/regional-list/company/denverpost/extraction-oil-gas
Small,54,Monarch Investment & Management Group,http://www.topworkplaces.com/frontend.php/regional-list/company/denverpost/monarch-investment-man
Small,55,Cardinal,http://www.topworkplaces.com/frontend.php/regional-list/company/denverpost/cardinal